{
  "confidence_by_domain": {},
  "emotional_stability": 0.514599314450008,
  "confidence": 0.5152603500314467,
  "motivation": 0.525253045614181,
  "curiosity": 0.5364162531495138
}