{
  "emotional_stability": 0.5173434801584952,
  "confidence": 0.5,
  "motivation": 0.5,
  "curiosity": 0.5189420535159653
}